source,ticker,quality_ladder,tier,horizon,window_days,outcome,outcome_bucket,date,window_end,backfill,source_record,id,url
Lee,"SPY, SPX, QQQ",Vague,D,31-60d,60,Pending,open,2026-07-01,2026-08-30,False,notion_source_call_log,391c5031-4bb6-815c-aea1-ddd4d6d96b71,https://app.notion.com/p/Lee-7-1-Macro-Minute-2H-setup-supports-buying-dips-391c50314bb6815caea1ddd4d6d96b71
Farrell,"STRC, MSTR, BTC",Target,B,31-60d,60,Pending,open,2026-07-01,2026-08-30,False,notion_source_call_log,391c5031-4bb6-816c-9ad4-cdbf68c8cdac,https://app.notion.com/p/Farrell-7-1-Crypto-Flash-STRC-near-par-is-Strategy-overhang-all-clear-threshold-391c50314bb6816c9ad4cdbf68c8cdac
Newton,"AAPL, QQQ, SPX",Vague,D,15-30d,30,Pending,open,2026-07-01,2026-07-31,False,notion_source_call_log,391c5031-4bb6-8186-a374-fb0b5eb3308b,https://app.notion.com/p/Newton-7-1-Flash-AAPL-breakout-reverses-prior-index-headwind-391c50314bb68186a374fb0b5eb3308b
Newton,"MAGS, RSP, QQQ, SPX",Vague,D,31-60d,60,Pending,open,2026-07-01,2026-08-30,False,notion_source_call_log,391c5031-4bb6-81cc-ad2e-f2a48d1f04ae,https://app.notion.com/p/Newton-7-1-Flash-MAGS-Mag-7-critical-bounce-vs-RSP-391c50314bb681ccad2ef2a48d1f04ae
Newton,"EWY, SMH, MU, WDC, LRCX, AMAT",Target,B,31-60d,60,Pending,open,2026-07-01,2026-08-30,False,notion_source_call_log,391c5031-4bb6-81ce-ace7-e7195ec8c244,https://app.notion.com/p/Newton-7-1-DTS-EWY-breakdown-can-spill-into-U-S-semis-391c50314bb681ceace7e7195ec8c244
Newton,"MAGS, RSP, AAPL, TSLA, AMZN, MSFT, META, NFLX",Vague,D,0-14d,14,Pending,open,2026-07-01,2026-07-15,False,notion_source_call_log,391c5031-4bb6-81e9-bea1-f0a4d41dd25d,https://app.notion.com/p/Newton-7-1-DTS-Mag-7-correction-may-be-ending-if-weekly-confirmation-holds-391c50314bb681e9bea1f0a4d41dd25d
Farrell,"CRCL, USDC, OUSD, stablecoins",Target,B,31-60d,60,Pending,open,2026-06-30T22:25:00.000-04:00,2026-08-29,False,notion_source_call_log,390c5031-4bb6-8163-ae9f-f62449feb5e7,https://app.notion.com/p/Farrell-6-30-Crypto-Comments-CRCL-removed-after-OpenUSD-risk-reset-390c50314bb68163ae9ff62449feb5e7
Farrell,"BTC, USDC, MSTR, STRC, QQQ, SPX",Target,B,31-60d,60,Pending,open,2026-06-30T22:25:00.000-04:00,2026-08-29,False,notion_source_call_log,390c5031-4bb6-81b4-9c99-dd91fe361cc9,https://app.notion.com/p/Farrell-6-30-Crypto-Comments-BTC-trim-to-USDC-cash-as-Strategy-overhang-persists-390c50314bb681b49c99dd91fe361cc9
Lee,"SPY, SPX, TLT, NYSE margin debt, Fed, Truflation",Directional,C,121d+,184,Pending,open,2026-06-30T20:10:00.000-04:00,2026-12-31,False,notion_source_call_log,390c5031-4bb6-8159-9ede-ed1eded205ce,https://app.notion.com/p/Lee-6-30-Macro-Minute-record-margin-debt-raises-H2-consolidation-risk-390c50314bb681599edeed1eded205ce
Newton,"GC, GLD, Gold",Directional,C,31-60d,31,Pending,open,2026-06-30T19:55:00.000-04:00,2026-07-31,False,notion_source_call_log,390c5031-4bb6-8185-a5cf-e20b556c6d50,https://app.notion.com/p/Newton-6-30-DTS-Gold-July-bottom-watch-patience-required-390c50314bb68185a5cfe20b556c6d50
Newton,"KIE, ALL, TRV, CB, CINF, AIV, AFL, CNO, BRK-B, IAI, XLF, KBE",Target,B,61-120d,62,Pending,open,2026-06-30T19:55:00.000-04:00,2026-08-31,False,notion_source_call_log,390c5031-4bb6-811e-a619-f82c6dc80804,https://app.notion.com/p/Newton-6-30-DTS-Insurance-overweight-inside-Financials-390c50314bb6811ea619f82c6dc80804
Newton,"SPX, QQQ",Target,B,15-30d,18,Pending,open,2026-06-30T19:55:00.000-04:00,2026-07-18,False,notion_source_call_log,390c5031-4bb6-8122-8007-cd373377fed1,https://app.notion.com/p/Newton-6-30-DTS-SPX-QQQ-range-unresolved-into-mid-July-390c50314bb681228007cd373377fed1
Newton,"DAL, ALL, IRM, GILD, ORCL, BABA, ETHA, CRWV",Directional,C,61-120d,62,Pending,open,2026-06-30T19:10:00.000-04:00,2026-08-31,False,notion_source_call_log,390c5031-4bb6-8176-b909-d8aa8fb9a5c6,https://app.notion.com/p/Newton-6-30-Upticks-June-add-delete-list-landed-390c50314bb68176b909d8aa8fb9a5c6
Farrell,"CRCL, stablecoins, USDC, OUSD",Vague,D,0-14d,14,Pending,open,2026-06-30T17:40:00.000-04:00,2026-07-14,False,notion_source_call_log,390c5031-4bb6-815b-922b-c20fd222d61e,https://app.notion.com/p/Farrell-6-30-Crypto-Flash-CRCL-pressure-from-OUSD-threat-390c50314bb6815b922bc20fd222d61e
Newton,QQQ,Target,B,15-30d,18,Pending,open,2026-06-30T17:40:00.000-04:00,2026-07-18,False,notion_source_call_log,390c5031-4bb6-818d-b113-ca6400cf4170,https://app.notion.com/p/Newton-6-30-Flash-QQQ-734-gap-remains-temporary-resistance-390c50314bb6818db113ca6400cf4170
Newton,"SOX, SMH, XLU",Target,B,31-60d,31,Pending,open,2026-06-30T17:40:00.000-04:00,2026-07-31,False,notion_source_call_log,390c5031-4bb6-812b-bee3-e161e0165fd1,https://app.notion.com/p/Newton-6-30-Flash-SOX-semis-exhaustion-risk-vs-Utilities-390c50314bb6812bbee3e161e0165fd1
Other,"XLV, Healthcare, AI downstream beneficiaries",Vague,D,61-120d,92,Pending,open,2026-06-30T09:25:00.000-04:00,2026-09-30,False,notion_source_call_log,38fc5031-4bb6-8122-924e-c9c4f7e92928,https://app.notion.com/p/Fundstrat-6-30-FTM-Healthcare-signs-of-life-as-AI-downstream-beneficiary-38fc50314bb68122924ec9c4f7e92928
Other,"SPY, TLT, rates, inflation, Industrials",Vague,D,31-60d,31,Pending,open,2026-06-30T09:25:00.000-04:00,2026-07-31,False,notion_source_call_log,38fc5031-4bb6-8153-ada6-e4c90482f7b9,https://app.notion.com/p/Singh-Lee-6-30-FTM-H2-recovery-with-inflation-pass-through-risk-38fc50314bb68153ada6e4c90482f7b9
Newton,"T, TMUS, VZ, Telecom",Vague,D,15-30d,30,Pending,open,2026-06-29T18:40:00.000-04:00,2026-07-29,False,notion_source_call_log,38fc5031-4bb6-81cc-ab2e-cb783bbd9893,https://app.notion.com/p/Newton-6-29-DTS-Telecom-technical-weakness-persists-38fc50314bb681ccab2ecb783bbd9893
Newton,"SPX, SPY, QQQ",Target,B,15-30d,30,Pending,open,2026-06-29T18:40:00.000-04:00,2026-07-29,False,notion_source_call_log,38fc5031-4bb6-81ec-b916-c802780aee57,https://app.notion.com/p/Newton-6-29-DTS-SPX-range-and-negative-gamma-recheck-38fc50314bb681ecb916c802780aee57
Newton,"RSP, Healthcare, Discretionary, Financials, Utilities, REITs",Vague,D,31-60d,60,Pending,open,2026-06-29T18:40:00.000-04:00,2026-08-28,False,notion_source_call_log,38fc5031-4bb6-816b-828e-e88992038ed7,https://app.notion.com/p/Newton-6-29-DTS-rotation-without-full-defensive-break-38fc50314bb6816b828ee88992038ed7
Newton,"QQQ, SPX, Technology, MAGS",Vague,D,31-60d,60,Pending,open,2026-06-29T18:40:00.000-04:00,2026-08-28,False,notion_source_call_log,38fc5031-4bb6-8116-8452-f3bd1e6099da,https://app.notion.com/p/Newton-6-29-DTS-Tech-rotation-still-needs-confirmation-38fc50314bb681168452f3bd1e6099da
Farrell,"STRC, MSTR preferreds, BTC",Target,B,31-60d,60,Pending,open,2026-06-29T10:10:00.000-04:00,2026-08-28,False,notion_source_call_log,38fc5031-4bb6-8162-8385-c8063f037d6a,https://app.notion.com/p/Farrell-6-29-Crypto-STRC-preferred-support-recheck-38fc50314bb681628385c8063f037d6a
Farrell,"MSTR, BTC, STRC",Directional,C,61-120d,120,Pending,open,2026-06-29T10:10:00.000-04:00,2026-10-27,False,notion_source_call_log,38fc5031-4bb6-814e-aaa8-d47340d96f6b,https://app.notion.com/p/Farrell-6-29-Crypto-MSTR-8-K-common-neutral-38fc50314bb6814eaaa8d47340d96f6b
Farrell,"BTC, MSTR, STRC",Vague,D,31-60d,60,Pending,open,2026-06-29T10:10:00.000-04:00,2026-08-28,False,notion_source_call_log,38fc5031-4bb6-8199-a65d-eb3df1871d63,https://app.notion.com/p/Farrell-6-29-Crypto-BTC-funding-source-risk-38fc50314bb68199a65deb3df1871d63
Newton,"SPX, SPY, broad beta",Target,B,31-60d,60,Pending,open,2026-06-29T11:07:00.000-04:00,2026-08-28,False,notion_source_call_log,38fc5031-4bb6-8141-85ce-f1b0a4322e48,https://app.notion.com/p/Newton-6-29-Flash-SPX-gamma-volatility-risk-38fc50314bb6814185cef1b0a4322e48
Newton,"SPX, SPY, QQQ, broad beta",Target,B,31-60d,60,Pending,open,2026-06-29T11:07:00.000-04:00,2026-08-28,False,notion_source_call_log,38fc5031-4bb6-81c7-9a2b-e49afe1eaabe,https://app.notion.com/p/Newton-6-29-Flash-SPX-bounce-fade-and-gap-resistance-38fc50314bb681c79a2be49afe1eaabe
Other,TLT; rates; Fed independence,Target,B,15-30d,30,Pending,open,2026-06-29,2026-07-29,False,notion_source_call_log,38ec5031-4bb6-81a4-b777-f32e9e2dff25,https://app.notion.com/p/L-Thomas-Block-SCOTUS-blocks-Cook-firing-TLT-rate-risk-recheck-38ec50314bb681a4b777f32e9e2dff25
Other,SPY; Financials; Healthcare; Consumer Discretionary,Vague,D,31-60d,60,Pending,open,2026-06-29,2026-08-28,False,notion_source_call_log,38ec5031-4bb6-81f2-8c9f-c260dd9fa58b,https://app.notion.com/p/Kent-Fung-barbell-margin-debt-context-middle-sectors-possibly-undervalued-38ec50314bb681f28c9fc260dd9fa58b
Newton,"MAGS, QQQ, AAPL, MSFT, AMZN, GOOG/GOOGL, META, NVDA",Vague,D,15-30d,28,Pending,open,2026-06-27,2026-07-25,False,notion_source_call_log,38ec5031-4bb6-81ce-ab83-c8f09db7d130,https://app.notion.com/p/Newton-SFN-6-27-Mag-7-pullback-looks-mature-start-looking-for-low-38ec50314bb681ceab83c8f09db7d130
Other,"MU, SMH, STX, WDC, MAGS, NVDA",Vague,D,61-120d,95,Pending,open,2026-06-27,2026-09-30,False,notion_source_call_log,38ec5031-4bb6-81e5-bd8c-feecfe6d3646,https://app.notion.com/p/SFN-6-27-memory-storage-bottleneck-favors-MU-storage-context-but-volatility-remains-high-38ec50314bb681e5bd8cfeecfe6d3646
Newton,"QQQ, SMH, MAGS, RSPT, RSP",Vague,D,15-30d,30,Pending,open,2026-06-26,2026-07-26,False,notion_source_call_log,38cc5031-4bb6-817b-bd19-cfd3196f8148,https://app.notion.com/p/Newton-6-26-FlashInsights-Technology-relative-sell-signal-38cc50314bb6817bbd19cfd3196f8148
Newton,"QQQ, MAGS, SMH, RSPT, RSP",Vague,D,0-14d,14,Pending,open,2026-06-26,2026-07-10,False,notion_source_call_log,38cc5031-4bb6-81cf-86c7-d3a601840007,https://app.notion.com/p/Newton-6-26-FlashInsights-QQQ-intraday-bottom-with-Mag-7-risk-38cc50314bb681cf86c7d3a601840007
Farrell,"MSTR, STRC, BTC, SOL, AAVE, SYRUP",Vague,D,0-14d,7,Pending,open,2026-06-26,2026-07-03,False,notion_source_call_log,38cc5031-4bb6-81db-80a8-f8741b7ee7ea,https://app.notion.com/p/Farrell-6-26-Crypto-MSTR-mNAV-below-1-0x-raises-Monday-8-K-stakes-38cc50314bb681db80a8f8741b7ee7ea
Newton,"QQQ, SMH, MAGS, RSPT, RSPH, PPH, ABBV, DHR, INCY, JNJ, MRK, MRNA, TMO",Vague,D,15-30d,30,Pending,open,2026-06-26,2026-07-26,False,notion_source_call_log,38cc5031-4bb6-81fc-b117-c7f107f07559,https://app.notion.com/p/Newton-6-26-Daily-Technical-Technology-lowered-to-Neutral-tactically-38cc50314bb681fcb117c7f107f07559
Other,"Fed, rates, TNX, TLT, SPX, QQQ, financials, regional banks",Target,B,15-30d,15,Pending,open,2026-06-26T11:55:00.000-04:00,2026-07-11,False,notion_source_call_log,38bc5031-4bb6-813a-8fc2-ed369d00eb83,https://app.notion.com/p/Block-6-26-US-Policy-SCOTUS-Fed-governor-firing-conditional-watch-38bc50314bb6813a8fc2ed369d00eb83
Other,"LNC, MET, BRK-B, JPM, GS, small caps, utilities, REITs, regional banks, SPX, DJIA, QQQ, credit spreads, Treasuries",Vague,D,61-120d,96,Unscored,open,2026-06-26T09:25:00.000-04:00,2026-09-30,False,notion_source_call_log,38bc5031-4bb6-8180-9125-f71924fc96a9,https://app.notion.com/p/Fung-6-26-First-to-Market-private-credit-insurer-stress-watch-38bc50314bb681809125f71924fc96a9
Newton,"QQQ, RSPT, MSFT, AAPL, NVDA, GOOGL, AMZN, META, NFLX, TSLA, PLTR, ORCL",Vague,D,61-120d,97,Unscored,open,2026-06-25T20:40:00.000-04:00,2026-09-30,False,notion_source_call_log,38bc5031-4bb6-8110-8a15-c49d4ec2c1c3,https://app.notion.com/p/Newton-6-25-DTS-Tech-weakness-temporary-but-watch-next-week-38bc50314bb681108a15c49d4ec2c1c3
Newton,"XLI, RGI, RSP, Consumer Discretionary, Healthcare, Financials, Industrials",Directional,C,61-120d,61,Pending,open,2026-06-25T20:40:00.000-04:00,2026-08-25,False,notion_source_call_log,38bc5031-4bb6-81ae-8e36-dbfb60c6b06d,https://app.notion.com/p/Newton-6-25-DTS-Industrials-and-broader-sectors-confirm-rotation-38bc50314bb681ae8e36dbfb60c6b06d
Newton,"SPX, SPY, QQQ, RSP, DJIA",Directional,C,121d+,189,Pending,open,2026-06-25T20:40:00.000-04:00,2026-12-31,False,notion_source_call_log,38bc5031-4bb6-81fa-86bb-da43388738cc,https://app.notion.com/p/Newton-6-25-DTS-SPX-target-raised-to-8000-and-pullback-buyable-38bc50314bb681fa86bbda43388738cc
Lee,"SMH, SOXX, MU, Semiconductors, Memory, Rates",Vague,D,15-30d,30,Unscored,open,2026-06-25T20:10:00.000-04:00,2026-07-25,False,notion_source_call_log,38bc5031-4bb6-81d1-8495-d0273649242a,https://app.notion.com/p/Lee-6-25-Macro-Minute-rates-lower-and-semi-memory-dip-still-buyable-38bc50314bb681d18495d0273649242a
Newton,"MSFT, QQQ, Software, Technology",Target,B,31-60d,60,Pending,open,2026-06-25T13:15:00.000-04:00,2026-08-24,False,notion_source_call_log,38bc5031-4bb6-81a6-8ade-d80a1baca562,https://app.notion.com/p/Newton-6-25-Flash-MSFT-structural-weakness-is-not-casual-noise-38bc50314bb681a68aded80a1baca562
Newton,"MAGS, QQQ, MSFT, AAPL, NVDA, GOOGL, AMZN, META, TSLA",Specific,A,0-14d,12,Pending,open,2026-06-25T13:00:00.000-04:00,2026-07-07,False,notion_source_call_log,38bc5031-4bb6-8108-9a9c-d33d8ad28d48,https://app.notion.com/p/Newton-6-25-Flash-Mag-7-dip-patience-for-5-7-trading-days-38bc50314bb681089a9cd33d8ad28d48
Newton,"QQQ, MAGS, RSP, SPX, Technology, Mag 7",Target,B,0-14d,12,Pending,open,2026-06-25T12:46:00.000-04:00,2026-07-07,False,notion_source_call_log,38bc5031-4bb6-816d-9ac9-c313c8cad172,https://app.notion.com/p/Newton-6-25-Flash-QQQ-732-734-resistance-amid-rotation-38bc50314bb6816d9ac9c313c8cad172
Other,"SPX, SPY, broad market, rates, inflation, Strait of Hormuz",Vague,D,61-120d,98,Unscored,open,2026-06-25T09:25:00.000-04:00,2026-10-01,False,notion_source_call_log,38ac5031-4bb6-81db-bf4b-f907a7f9776c,https://app.notion.com/p/Fung-6-25-First-to-Market-Strait-reopening-dovish-surprise-equity-upside-watch-38ac50314bb681dbbf4bf907a7f9776c
Farrell,"WGMI, BTC miners, MU, AI infrastructure",Vague,D,0-14d,6,Pending,open,2026-06-24,2026-06-30,False,notion_source_call_log,38ac5031-4bb6-8188-baf5-c2377e4768e7,https://app.notion.com/p/Farrell-6-24-Crypto-Comments-MU-beat-may-bounce-Bitcoin-miners-38ac50314bb68188baf5c2377e4768e7
Farrell,"SOL, Solana tokenized assets",Vague,D,0-14d,14,Pending,open,2026-06-24,2026-07-08,False,notion_source_call_log,38ac5031-4bb6-81e3-863b-d8c0429a2fb4,https://app.notion.com/p/Farrell-6-24-Crypto-Comments-SOL-tokenized-asset-activity-watch-38ac50314bb681e3863bd8c0429a2fb4
Farrell,"HYPE, tokenized equities, Hyperliquid",Vague,D,0-14d,14,Pending,open,2026-06-24,2026-07-08,False,notion_source_call_log,38ac5031-4bb6-81e1-a1fe-edf63d2591f2,https://app.notion.com/p/Farrell-6-24-Crypto-Comments-HYPE-relative-strength-but-no-chase-38ac50314bb681e1a1feedf63d2591f2
Farrell,"STRC, MSTR, BTC",Target,B,0-14d,6,Pending,open,2026-06-24,2026-06-30,False,notion_source_call_log,38ac5031-4bb6-81e6-bb6a-c0d2e1fbf0a3,https://app.notion.com/p/Farrell-6-24-Crypto-Comments-STRC-weakness-keeps-Strategy-risk-live-38ac50314bb681e6bb6ac0d2e1fbf0a3
Farrell,"BTC, IBIT, ETH, SOL, MSTR, STRC, real yields",Vague,D,0-14d,6,Pending,open,2026-06-24,2026-06-30,False,notion_source_call_log,38ac5031-4bb6-8175-835c-c6e20aa61899,https://app.notion.com/p/Farrell-6-24-Crypto-Comments-BTC-supply-driven-selloff-argues-patience-38ac50314bb68175835cc6e20aa61899
Lee,FIX,Directional,C,15-30d,30,Pending,open,2026-06-24,2026-07-24,False,notion_source_call_log,38ac5031-4bb6-8103-ad2e-c441b22bdd7b,https://app.notion.com/p/Fundstrat-Top-5-SMID-long-FIX-6-24-26-38ac50314bb68103ad2ec441b22bdd7b
Lee,ECHO,Directional,C,15-30d,30,Pending,open,2026-06-24,2026-07-24,False,notion_source_call_log,38ac5031-4bb6-8103-bd41-c471656b02c9,https://app.notion.com/p/Fundstrat-Bottom-5-SMID-UW-ECHO-6-24-26-38ac50314bb68103bd41c471656b02c9
Lee,IESC,Directional,C,15-30d,30,Pending,open,2026-06-24,2026-07-24,False,notion_source_call_log,38ac5031-4bb6-810c-9e5c-e447da9831b3,https://app.notion.com/p/Fundstrat-Top-5-SMID-long-IESC-6-24-26-38ac50314bb6810c9e5ce447da9831b3
Lee,TPL,Directional,C,15-30d,30,Pending,open,2026-06-24,2026-07-24,False,notion_source_call_log,38ac5031-4bb6-8113-a686-dd12404e82e8,https://app.notion.com/p/Fundstrat-Bottom-5-LC-UW-TPL-6-24-26-38ac50314bb68113a686dd12404e82e8
Lee,ECHO,Directional,C,15-30d,30,Pending,open,2026-06-24,2026-07-24,False,notion_source_call_log,38ac5031-4bb6-8113-ae27-e38945994489,https://app.notion.com/p/Fundstrat-Bottom-5-LC-UW-ECHO-6-24-26-38ac50314bb68113ae27e38945994489
Lee,MLI,Directional,C,15-30d,30,Pending,open,2026-06-24,2026-07-24,False,notion_source_call_log,38ac5031-4bb6-8115-8f1d-d3546d8610d8,https://app.notion.com/p/Fundstrat-Top-5-SMID-long-MLI-6-24-26-38ac50314bb681158f1dd3546d8610d8
Lee,ANET,Directional,C,15-30d,30,Pending,open,2026-06-24,2026-07-24,False,notion_source_call_log,38ac5031-4bb6-811d-b9a4-c5f6017b4115,https://app.notion.com/p/Fundstrat-Top-5-LC-long-ANET-6-24-26-38ac50314bb6811db9a4c5f6017b4115
Lee,STRL,Directional,C,15-30d,30,Pending,open,2026-06-24,2026-07-24,False,notion_source_call_log,38ac5031-4bb6-813b-8bf7-df6e7997e31a,https://app.notion.com/p/Fundstrat-Top-5-SMID-long-STRL-6-24-26-38ac50314bb6813b8bf7df6e7997e31a
Lee,AVAV,Directional,C,15-30d,30,Pending,open,2026-06-24,2026-07-24,False,notion_source_call_log,38ac5031-4bb6-8147-b430-dbf02bbf56d7,https://app.notion.com/p/Fundstrat-Bottom-5-SMID-UW-AVAV-6-24-26-38ac50314bb68147b430dbf02bbf56d7
Lee,VMI,Directional,C,15-30d,30,Pending,open,2026-06-24,2026-07-24,False,notion_source_call_log,38ac5031-4bb6-815a-8acd-d107d2155678,https://app.notion.com/p/Fundstrat-Top-5-SMID-long-VMI-6-24-26-38ac50314bb6815a8acdd107d2155678
Lee,MSTR,Directional,C,15-30d,30,Pending,open,2026-06-24,2026-07-24,False,notion_source_call_log,38ac5031-4bb6-816d-bee8-cab13ddc8cc5,https://app.notion.com/p/Fundstrat-Bottom-5-LC-UW-MSTR-6-24-26-38ac50314bb6816dbee8cab13ddc8cc5
Lee,GS,Directional,C,15-30d,30,Pending,open,2026-06-24,2026-07-24,False,notion_source_call_log,38ac5031-4bb6-8170-935e-e92edc588ed9,https://app.notion.com/p/Fundstrat-Top-5-LC-long-GS-6-24-26-38ac50314bb68170935ee92edc588ed9
Lee,CAT,Directional,C,15-30d,30,Pending,open,2026-06-24,2026-07-24,False,notion_source_call_log,38ac5031-4bb6-8177-a571-ccc2fcf5fb54,https://app.notion.com/p/Fundstrat-Top-5-LC-long-CAT-6-24-26-38ac50314bb68177a571ccc2fcf5fb54
Lee,NOC,Directional,C,15-30d,30,Pending,open,2026-06-24,2026-07-24,False,notion_source_call_log,38ac5031-4bb6-817a-84b6-edb65d0ac3bd,https://app.notion.com/p/Fundstrat-Bottom-5-LC-UW-NOC-6-24-26-38ac50314bb6817a84b6edb65d0ac3bd
Lee,AMD,Directional,C,15-30d,30,Pending,open,2026-06-24,2026-07-24,False,notion_source_call_log,38ac5031-4bb6-818b-ad57-d93b459aa09d,https://app.notion.com/p/Fundstrat-Top-5-LC-long-AMD-6-24-26-38ac50314bb6818bad57d93b459aa09d
Lee,PLTR,Directional,C,15-30d,30,Pending,open,2026-06-24,2026-07-24,False,notion_source_call_log,38ac5031-4bb6-8195-9d9a-f84fdd281b30,https://app.notion.com/p/Fundstrat-Bottom-5-LC-UW-PLTR-6-24-26-38ac50314bb681959d9af84fdd281b30
Lee,KTOS,Directional,C,15-30d,30,Pending,open,2026-06-24,2026-07-24,False,notion_source_call_log,38ac5031-4bb6-81ba-809d-dce3a825c7e0,https://app.notion.com/p/Fundstrat-Bottom-5-SMID-UW-KTOS-6-24-26-38ac50314bb681ba809ddce3a825c7e0
Lee,WFRD,Directional,C,15-30d,30,Pending,open,2026-06-24,2026-07-24,False,notion_source_call_log,38ac5031-4bb6-81df-bf2d-d2a05a0d6ddf,https://app.notion.com/p/Fundstrat-Bottom-5-SMID-UW-WFRD-6-24-26-38ac50314bb681dfbf2dd2a05a0d6ddf
Lee,UUUU,Directional,C,15-30d,30,Pending,open,2026-06-24,2026-07-24,False,notion_source_call_log,38ac5031-4bb6-81f9-94f8-c6a538fed170,https://app.notion.com/p/Fundstrat-Bottom-5-SMID-UW-UUUU-6-24-26-38ac50314bb681f994f8c6a538fed170
Lee,PWR,Directional,C,15-30d,30,Pending,open,2026-06-24,2026-07-24,False,notion_source_call_log,38ac5031-4bb6-81fa-8523-ed60e5ff39de,https://app.notion.com/p/Fundstrat-Top-5-LC-long-PWR-6-24-26-38ac50314bb681fa8523ed60e5ff39de
Lee,"SPX, SPY, broad market, AI infrastructure, Financials, Industrials, Small-caps, Energy/Materials",Directional,C,121d+,189,Pending,open,2026-06-25T00:40:00.000+00:00,2026-12-31,False,notion_source_call_log,38ac5031-4bb6-8109-8f8e-e5943156a72c,https://app.notion.com/p/Lee-6-24-First-Word-S-P-500-year-end-target-raised-to-8000-38ac50314bb681098f8ee5943156a72c
Newton,"JETS, DAL, UAL, LUV, crude-sensitive cyclicals",Target,B,31-60d,37,Pending,open,2026-06-24T23:40:00.000+00:00,2026-07-31,False,notion_source_call_log,38ac5031-4bb6-8110-affb-d23d0058bda3,https://app.notion.com/p/Newton-6-24-DTS-JETS-breakout-targets-high-30s-38ac50314bb68110affbd23d0058bda3
Newton,"QQQ, SPX, SPY, MAGS, SMH, NVDA, MU, growth/AI beta",Target,B,15-30d,16,Pending,open,2026-06-24T23:40:00.000+00:00,2026-07-10,False,notion_source_call_log,38ac5031-4bb6-8143-9d53-e5f709678590,https://app.notion.com/p/Newton-6-24-DTS-QQQ-704-held-close-over-720-targets-734-763-785-38ac50314bb681439d53e5f709678590
Newton,"Health Care, RSPH, XBI, XHS, Medical Devices",Directional,C,15-30d,30,Pending,open,2026-06-24T23:40:00.000+00:00,2026-07-24,False,notion_source_call_log,38ac5031-4bb6-8162-ba3b-ef8dcee08900,https://app.notion.com/p/Newton-6-24-DTS-Health-Care-technical-overweight-next-month-strength-38ac50314bb68162ba3bef8dcee08900
Newton,"MU, QQQ, SMH, SOX, semis, memory",Target,B,31-60d,45,Pending,open,2026-06-24T23:40:00.000+00:00,2026-08-08,False,notion_source_call_log,38ac5031-4bb6-8165-9094-c2f9a7d270b9,https://app.notion.com/p/Newton-6-24-DTS-MU-post-earnings-path-to-1291-then-1410-1458-with-fall-risk-38ac50314bb681659094c2f9a7d270b9
Newton,"RSP, SPY, SPX, QQQ",Directional,C,15-30d,30,Pending,open,2026-06-24T23:40:00.000+00:00,2026-07-24,False,notion_source_call_log,38ac5031-4bb6-8172-9bb3-cec4001b6bd6,https://app.notion.com/p/Newton-6-24-DTS-RSP-broadening-likely-pushes-to-new-highs-38ac50314bb681729bb3cec4001b6bd6
Lee,"Top LC: AMD, ANET, CAT, GS, PWR; Bottom LC: ECHO, NOC, PLTR, MSTR, TPL; Top SMID: FIX, STRL, VMI, MLI, IESC; Bottom SMID: ECHO, WFRD, AVAV, UUUU, KTOS",Vague,D,15-30d,29,Unscored,open,2026-06-25T00:40:00.000+00:00,2026-07-24,False,notion_source_call_log,38ac5031-4bb6-81ad-a9d5-dacd1d523f96,https://app.notion.com/p/Lee-6-24-First-Word-MONTHLY-LANDED-core-stock-ideas-need-full-distill-38ac50314bb681ada9d5dacd1d523f96
Newton,"TNX, TYX, Treasuries, Homebuilders, Utilities, REITs, DXY, crude",Target,B,15-30d,16,Pending,open,2026-06-24T14:50:00.000+00:00,2026-07-10,False,notion_source_call_log,38ac5031-4bb6-81b0-bbeb-df44ee6078f5,https://app.notion.com/p/Newton-6-24-intraday-TNX-breakdown-points-to-4-32-38ac50314bb681b0bbebdf44ee6078f5
Other,"GE, LMT, RTX, NOC; defense primes/licensed suppliers",Vague,D,61-120d,98,Unscored,open,2026-06-24,2026-09-30,False,notion_source_call_log,389c5031-4bb6-819e-9b3e-c9b23d4a669c,https://app.notion.com/p/Fung-6-24-First-to-Market-US-defense-contractor-licensing-dominance-watch-389c50314bb6819e9b3ec9b23d4a669c
Lee,"MAG7, BTC, ETH, MAGS, IBIT, ETHA, SMH, DRAM, XLI, XLF, KRE, IWM, XLE, XLB",Vague,D,0-14d,6,Pending,open,2026-06-24,2026-06-30,False,notion_source_call_log,389c5031-4bb6-8107-9954-c350d0b4faa2,https://app.notion.com/p/Lee-6-24-First-Word-constructive-equities-and-favored-sleeves-refresh-389c50314bb681079954c350d0b4faa2
Farrell,"BTC, MSTR, STRC, USDJPY, real yields",Vague,D,15-30d,30,Pending,open,2026-06-23,2026-07-23,False,notion_source_call_log,389c5031-4bb6-817b-aa8b-e090e8d412d4,https://app.notion.com/p/Farrell-6-23-Crypto-Comments-patience-until-real-yield-liquidity-improves-389c50314bb6817baa8be090e8d412d4
Farrell,"MSTR, STRC, BTC",Vague,D,15-30d,30,Pending,open,2026-06-23,2026-07-23,False,notion_source_call_log,389c5031-4bb6-81c5-93f3-dde6a5828883,https://app.notion.com/p/Farrell-6-23-Crypto-Comments-MSTR-reserve-rebuild-constructive-but-dividend-risk-remains-389c50314bb681c593f3dde6a5828883
Lee,"SMH, DRAM, SOX, SOXX, MU, NVDA, AVGO, MAGS",Target,B,15-30d,30,Pending,open,2026-06-24,2026-07-24,False,notion_source_call_log,389c5031-4bb6-81c9-8baf-ebbf106e34e6,https://app.notion.com/p/Lee-6-24-First-Word-semis-7-framed-as-buyable-389c50314bb681c98bafebbf106e34e6
Lee,"MU, SOX, SMH, QQQ, AI semis",Target,B,15-30d,18,Pending,open,2026-06-23,2026-07-11,False,notion_source_call_log,389c5031-4bb6-8130-baa0-e9914edb12e1,https://app.notion.com/p/Lee-6-23-Flash-tech-memory-selloff-overdone-against-AI-infra-cycle-389c50314bb68130baa0e9914edb12e1
Newton,"Copper futures, CPER, FXI",Specific,A,0-14d,8,Pending,open,2026-06-23,2026-07-01,False,notion_source_call_log,389c5031-4bb6-815e-88cf-d029129cbe91,https://app.notion.com/p/Newton-6-23-Flash-Copper-weakness-short-lived-6-ton-expected-to-hold-389c50314bb6815e88cfd029129cbe91
Newton,"Silver futures, SLV, SIL, GOLD",Specific,A,15-30d,18,Pending,open,2026-06-23,2026-07-11,False,notion_source_call_log,389c5031-4bb6-8173-883e-e2a6bbb1a91f,https://app.notion.com/p/Newton-6-23-DTS-Flash-Silver-nearing-tradeable-low-by-early-July-389c50314bb68173883ee2a6bbb1a91f
Newton,"FXI, China equities",Specific,A,15-30d,30,Pending,open,2026-06-23,2026-07-23,False,notion_source_call_log,389c5031-4bb6-8196-ab4b-c0b4608f9bd4,https://app.notion.com/p/Newton-6-23-DTS-FXI-breakdown-requires-stabilization-before-dip-buy-389c50314bb68196ab4bc0b4608f9bd4
Newton,"SPX, SPY, QQQ, MAGS, ES, MU",Specific,A,0-14d,4,Pending,open,2026-06-23,2026-06-27,False,notion_source_call_log,389c5031-4bb6-81cb-8ab1-c225d33b7ee4,https://app.notion.com/p/Newton-6-23-DTS-SPX-QQQ-pullback-should-bottom-before-June-lows-break-389c50314bb681cb8ab1c225d33b7ee4
Newton,"KOSPI, EWY, SOX, MU, SK Hynix",Target,B,121d+,130,Pending,open,2026-06-23,2026-10-31,False,notion_source_call_log,389c5031-4bb6-81de-8ef5-f6a2bf9c9f37,https://app.notion.com/p/Newton-6-23-DTS-KOSPI-SOX-divergence-needs-scrutiny-not-fade-yet-389c50314bb681de8ef5f6a2bf9c9f37
Newton,"KIE, Insurance, Financials",Specific,A,31-60d,38,Pending,open,2026-06-23,2026-07-31,False,notion_source_call_log,389c5031-4bb6-81de-9888-c1f7ff037678,https://app.notion.com/p/Newton-6-23-DTS-KIE-breakout-targets-upper-60s-389c50314bb681de9888c1f7ff037678
Lee,"SPY, QQQ, IWM, IWB, VIX, TLT",Target,B,0-14d,4,Pending,open,2026-06-23,2026-06-27,False,notion_source_call_log,389c5031-4bb6-81f8-b174-df21a51f2fba,https://app.notion.com/p/Lee-6-23-Flash-rebalance-turmoil-plus-better-macro-framed-as-buy-the-dip-389c50314bb681f8b174df21a51f2fba
Other,"AMD, ASX, SANM, TSMC, SPIL, NVDA",Vague,D,61-120d,99,Unscored,open,2026-06-23,2026-09-30,False,notion_source_call_log,388c5031-4bb6-81af-9c3d-fb43756fe078,https://app.notion.com/p/Fung-6-23-First-to-Market-AMD-Taiwan-partner-bottleneck-watch-388c50314bb681af9c3dfb43756fe078
Lee,"SPY, SPX",Specific,A,0-14d,4,Pending,open,2026-06-22,2026-06-26,False,notion_source_call_log,388c5031-4bb6-8161-bfd9-fab7cb14be6e,https://app.notion.com/p/Lee-6-22-Macro-Minute-post-Warsh-S-P-stall-still-framed-as-buy-the-dip-388c50314bb68161bfd9fab7cb14be6e
Lee,"TLT, TNX, SPY",Target,B,0-14d,4,Pending,open,2026-06-22,2026-06-26,False,notion_source_call_log,388c5031-4bb6-81b6-9ea9-c17ada71a1b6,https://app.notion.com/p/Lee-6-22-Macro-Minute-yields-are-the-current-Warsh-digestion-headwind-388c50314bb681b69ea9c17ada71a1b6
Newton,"SPX, SPY, QQQ, TNX, CL",Target,B,0-14d,4,Pending,open,2026-06-22,2026-06-26,False,notion_source_call_log,388c5031-4bb6-8101-8fc2-fc57f2a3885a,https://app.notion.com/p/Newton-6-22-Flash-SPX-7465-7450-support-and-minor-weakness-buyable-388c50314bb681018fc2fc57f2a3885a
Newton,"QQQ, SPX, MAGS, GOOGL, AMZN, META, MSFT, NFLX",Specific,A,15-30d,21,Pending,open,2026-06-22,2026-07-13,False,notion_source_call_log,388c5031-4bb6-8152-9774-d33e6717843f,https://app.notion.com/p/Newton-6-22-DTS-QQQ-Mag-7-dip-opportunity-while-June-lows-hold-388c50314bb681529774d33e6717843f
Newton,GOOGL,Target,B,0-14d,14,Pending,open,2026-06-22,2026-07-06,False,notion_source_call_log,388c5031-4bb6-8157-b434-e5764975e451,https://app.notion.com/p/Newton-6-22-Flash-GOOGL-near-340-support-recheck-zone-388c50314bb68157b434e5764975e451
Newton,"ETH, BTC",Target,B,61-120d,100,Pending,open,2026-06-22,2026-09-30,False,notion_source_call_log,388c5031-4bb6-8161-8d4b-cd45abb1864f,https://app.notion.com/p/Newton-6-22-Crypto-Flash-ETH-BTC-bounce-into-early-July-resistance-before-Q3-risk-388c50314bb681618d4bcd45abb1864f
Newton,TNX,Target,B,0-14d,8,Pending,open,2026-06-22,2026-06-30,False,notion_source_call_log,388c5031-4bb6-8188-8b24-cf8313bfac24,https://app.notion.com/p/Newton-6-22-Flash-TNX-4-50-4-52-cap-before-below-4-40-388c50314bb681888b24cf8313bfac24
Newton,MSFT,Target,B,61-120d,100,Pending,open,2026-06-22,2026-09-30,False,notion_source_call_log,388c5031-4bb6-818f-9d75-d3facfc1b68c,https://app.notion.com/p/Newton-6-22-DTS-MSFT-355-line-in-sand-possible-415-430-into-fall-388c50314bb6818f9d75d3facfc1b68c
Newton,"MAGS, QQQ",Target,B,15-30d,21,Pending,open,2026-06-22,2026-07-13,False,notion_source_call_log,388c5031-4bb6-81af-b76c-fd66a3df5387,https://app.notion.com/p/Newton-6-22-DTS-MAGS-61-24-63-13-support-shelf-and-DeMark-exhaustion-388c50314bb681afb76cfd66a3df5387
Farrell,"MSTR, BTC, STRC",Vague,D,15-30d,30,Pending,open,2026-06-22,2026-07-22,False,notion_source_call_log,388c5031-4bb6-81e1-84c5-efc423f4b897,https://app.notion.com/p/Farrell-6-22-Crypto-Flash-MSTR-reserve-rebuild-improves-still-below-12-month-coverage-388c50314bb681e184c5efc423f4b897
Other,"XOP, TNX",Vague,D,31-60d,60,Unscored,open,2026-06-22,2026-08-21,False,notion_source_call_log,387c5031-4bb6-81a0-94ce-e34f0fda2cc6,https://app.notion.com/p/Block-Iran-Hormuz-policy-context-keeps-oil-rates-event-risk-lane-live-387c50314bb681a094cee34f0fda2cc6
Newton,SPCX,Vague,D,0-14d,9,Unscored,open,2026-06-18,2026-06-27,False,notion_source_call_log,384c5031-4bb6-8109-9161-eee7c40a1793,https://app.notion.com/p/Newton-6-18-FlashInsights-SPCX-must-reclaim-187-support-172-risk-to-158-162-384c50314bb681099161eee7c40a1793
Newton,"RCD, XLY, RSP, SPX",Directional,C,15-30d,30,Pending,open,2026-06-18,2026-07-18,False,notion_source_call_log,384c5031-4bb6-8125-a10a-c8bad8af0333,https://app.notion.com/p/Newton-6-18-DTS-Consumer-Discretionary-RCD-testing-2026-downtrend-breakout-confirms-above-58-384c50314bb68125a10ac8bad8af0333
Newton,"QQQ, SPX, SPY, MAGS, SMH",Target,B,0-14d,12,Pending,open,2026-06-18,2026-06-30,False,notion_source_call_log,384c5031-4bb6-8147-9b3c-f5882542f5ef,https://app.notion.com/p/Newton-6-18-DTS-QQQ-held-722-upside-refs-757-09-779-27-concern-below-722-384c50314bb681479b3cf5882542f5ef
Newton,"XHB, TNX, ITB, SPX",Directional,C,15-30d,30,Pending,open,2026-06-18,2026-07-18,False,notion_source_call_log,384c5031-4bb6-8177-a282-f66cdda8e179,https://app.notion.com/p/Newton-6-18-DTS-XHB-minor-breakout-reached-112-range-top-target-near-123-as-yields-fall-384c50314bb68177a282f66cdda8e179
Newton,"C, BAC, BKX, XLF, RYF, KRE",Directional,C,15-30d,22,Pending,open,2026-06-18,2026-07-10,False,notion_source_call_log,384c5031-4bb6-8186-a8f6-d28a21fe4bf4,https://app.notion.com/p/Newton-6-18-FlashInsights-KBW-Banks-breakout-broadens-Financials-leadership-384c50314bb68186a8f6d28a21fe4bf4
Newton,"SPX, SPY, QQQ, RSP, RSPT, RCD",Target,B,0-14d,12,Pending,open,2026-06-18,2026-06-30,False,notion_source_call_log,384c5031-4bb6-818c-9e85-cb8fe3252881,https://app.notion.com/p/Newton-6-18-DTS-SPX-QQQ-expected-to-push-to-new-highs-by-month-end-as-breadth-broadens-384c50314bb6818c9e85cb8fe3252881
Newton,"DXY, USDJPY, FXY, QQQ, SMH, BTC",Directional,C,15-30d,30,Pending,open,2026-06-18,2026-07-18,False,notion_source_call_log,384c5031-4bb6-81a4-afd2-e2c3aead51fc,https://app.notion.com/p/Newton-6-18-FlashInsights-DXY-resistance-near-101-USDJPY-159-31-breach-would-confirm-Yen-strength-384c50314bb681a4afd2e2c3aead51fc
Newton,"SMH, SOXX, SOX, NVDA, MU, AVGO, MAGS",Target,B,15-30d,22,Pending,open,2026-06-18,2026-07-10,False,notion_source_call_log,384c5031-4bb6-81b7-9441-f1ca6f28ac9b,https://app.notion.com/p/Newton-6-18-FlashInsights-Semis-remain-trend-following-bullish-until-weakness-under-595-710-714-re-384c50314bb681b79441f1ca6f28ac9b
Newton,"JETS, DAL, WTI, USO",Target,B,15-30d,30,Pending,open,2026-06-18,2026-07-18,False,notion_source_call_log,384c5031-4bb6-81d1-ad25-f1362532bb7b,https://app.notion.com/p/Newton-6-18-DTS-JETS-DAL-nearing-airline-breakout-JETS-above-32-opens-high-30s-target-384c50314bb681d1ad25f1362532bb7b
Other,"WTI, USO, XLE, XOP, TNX, SPX, QQQ, BTC, ETH",Vague,D,31-60d,60,Unscored,open,2026-06-18T16:25:00.000+00:00,2026-08-17,False,notion_source_call_log,383c5031-4bb6-8181-bc0d-cfb6589b87af,https://app.notion.com/p/Block-6-18-US-Policy-Iran-MoU-reopens-Hormuz-blockades-but-leaves-a-60-day-policy-risk-window-383c50314bb68181bc0dcfb6589b87af
Other,"WTI, USO, XLE, XOP, TNX, SPX, QQQ",Vague,D,31-60d,43,Unscored,open,2026-06-18T13:10:00.000+00:00,2026-07-31,False,notion_source_call_log,383c5031-4bb6-819c-9d70-d747c3f11b86,https://app.notion.com/p/Fung-6-18-FTM-China-restocking-risk-means-oil-may-not-straight-line-back-to-pre-war-levels-383c50314bb6819c9d70d747c3f11b86
Newton,"XLU, RYU, QQQ, RSP, RSPT",Directional,C,15-30d,16,Pending,open,2026-06-17T23:40:00.000+00:00,2026-07-03,False,notion_source_call_log,383c5031-4bb6-8112-a2b7-c15d4b5c4f77,https://app.notion.com/p/Newton-6-17-DTS-Utilities-relative-turn-confirms-defensive-broadening-while-tech-remains-stretched--383c50314bb68112a2b7c15d4b5c4f77
Farrell,"BTC, ETH, IBIT, ETHA, BMNR, MSTR",Directional,C,61-120d,105,Pending,open,2026-06-17T23:40:00.000+00:00,2026-09-30,False,notion_source_call_log,383c5031-4bb6-8188-b782-ec7ee1d5a15b,https://app.notion.com/p/Farrell-6-17-Crypto-Warsh-regime-is-near-term-crypto-headwind-but-potential-2H-tailwind-if-inflatio-383c50314bb68188b782ec7ee1d5a15b
Other,"SPX, SPY, QQQ, TNX, DXY, BTC, ETH",Vague,D,31-60d,44,Unscored,open,2026-06-17T23:40:00.000+00:00,2026-07-31,False,notion_source_call_log,383c5031-4bb6-81c5-9bd0-fe4338985a82,https://app.notion.com/p/Fed-Watch-6-17-Warsh-dots-shifted-hawkish-but-committee-conviction-stayed-split-and-policy-signal--383c50314bb681c59bd0fe4338985a82
Newton,"DXY, 2Y, TNX, SPX, QQQ, BTC, ETH",Directional,C,15-30d,16,Pending,open,2026-06-17T23:40:00.000+00:00,2026-07-03,False,notion_source_call_log,383c5031-4bb6-81ce-9d06-fc9fbbe5f582,https://app.notion.com/p/Newton-6-17-DTS-DXY-and-2Y-spike-look-exaggerated-at-resistance-weaker-dollar-rates-down-thesis-st-383c50314bb681ce9d06fc9fbbe5f582
Newton,"SPX, SPY, QQQ, SMH, NVDA, MU",Target,B,15-30d,16,Pending,open,2026-06-17T23:40:00.000+00:00,2026-07-03,False,notion_source_call_log,383c5031-4bb6-81d0-9a8c-e351d3ba1451,https://app.notion.com/p/Newton-6-17-DTS-SPX-FOMC-pullback-is-backing-filling-into-support-not-a-trend-break-383c50314bb681d09a8ce351d3ba1451
Newton,"XBI, IBB, TVTX, TGTX, TWST, RVMD, ALKS, ARWR, KRYS, EXEL, NUVL, NBIX, INCY, PTCT, MRNA",Specific,A,31-60d,60,Pending,open,2026-06-17T23:40:00.000+00:00,2026-08-16,False,notion_source_call_log,383c5031-4bb6-81eb-9562-cd45d6f9a2d0,https://app.notion.com/p/Newton-6-17-DTS-XBI-broke-out-to-multi-year-highs-targets-157-then-173-IBB-confirmation-above-179-383c50314bb681eb9562cd45d6f9a2d0
Other,"PZZA, YUM, YUMC",Vague,D,31-60d,44,Unscored,open,2026-06-17T13:10:00.000+00:00,2026-07-31,False,notion_source_call_log,382c5031-4bb6-81fa-9cde-d390058c58f8,https://app.notion.com/p/Fung-6-17-FTM-YUM-Pizza-Hut-exit-plus-pizza-cost-demand-pressure-is-consumer-context-not-a-trade-c-382c50314bb681fa9cded390058c58f8
Lee,"SPCX, NVDA",Vague,D,0-14d,2,Unscored,open,2026-06-17T01:40:00.000+00:00,2026-06-19,False,notion_source_call_log,382c5031-4bb6-8131-a198-da74a398314f,https://app.notion.com/p/Lee-6-16-Macro-Minute-Warsh-limited-comms-Fed-debut-and-SPCX-NVDA-float-context-no-clean-forward-t-382c50314bb68131a198da74a398314f
Farrell,"BTC, crypto majors",Target,B,15-30d,30,Pending,open,2026-06-17T02:40:00.000+00:00,2026-07-17,False,notion_source_call_log,382c5031-4bb6-8186-a51b-d85fc3e56b41,https://app.notion.com/p/Farrell-6-16-Crypto-BTC-tactical-rally-possible-over-coming-weeks-if-FOMC-supports-dovish-repricing-382c50314bb68186a51bd85fc3e56b41
Farrell,"STRC, MSTR, BTC",Directional,C,15-30d,30,Pending,open,2026-06-17T02:40:00.000+00:00,2026-07-17,False,notion_source_call_log,382c5031-4bb6-8189-813e-f6005c7f2b0f,https://app.notion.com/p/Farrell-6-16-Crypto-STRC-weakness-below-92-remains-a-Strategy-MSTR-demand-engine-risk-for-BTC-382c50314bb68189813ef6005c7f2b0f
Farrell,"BTC, ETH, crypto majors",Directional,C,15-30d,30,Pending,open,2026-06-17T02:40:00.000+00:00,2026-07-17,False,notion_source_call_log,382c5031-4bb6-819f-961f-deb733538034,https://app.notion.com/p/Farrell-6-16-Crypto-risk-reward-has-improved-but-durable-lows-are-not-confirmed-and-high-convictio-382c50314bb6819f961fdeb733538034
Newton,"RYU, XLU, RSPU, RSP",Directional,C,15-30d,16,Pending,open,2026-06-17T00:25:00.000+00:00,2026-07-03,False,notion_source_call_log,382c5031-4bb6-812a-898c-c3c765b03950,https://app.notion.com/p/Newton-6-16-DTS-Utilities-breakout-relative-turn-RYU-XLU-can-join-broadening-leaders-if-follow-thr-382c50314bb6812a898cc3c765b03950
Newton,"SPX, QQQ",Directional,C,0-14d,3,Pending,open,2026-06-16T21:40:00.000+00:00,2026-06-19,False,notion_source_call_log,382c5031-4bb6-8152-b7b6-d4285786e2b7,https://app.notion.com/p/Newton-6-16-Flash-SPX-weakness-should-be-short-lived-7475-7485-support-before-FOMC-Fed-Drift-382c50314bb68152b7b6d4285786e2b7
Newton,"BTCUSD, BTC",Target,B,121d+,166,Pending,open,2026-06-17T00:25:00.000+00:00,2026-11-30,False,notion_source_call_log,382c5031-4bb6-816d-8954-ef53a4edd573,https://app.notion.com/p/Newton-6-16-DTS-BTC-bounce-may-reach-71-73k-into-July-then-risk-59-1k-break-toward-52k-40k-into-fa-382c50314bb6816d8954ef53a4edd573
Newton,"RSPT, RSP, IWF, IWD, QQQ",Vague,D,31-60d,44,Pending,open,2026-06-17T00:25:00.000+00:00,2026-07-31,False,notion_source_call_log,382c5031-4bb6-81ce-8e44-f7baed81caaf,https://app.notion.com/p/Newton-6-16-DTS-Tech-leadership-not-cracked-but-stretched-prefer-broadening-equal-weight-over-cha-382c50314bb681ce8e44f7baed81caaf
Farrell,"STRC, MSTR",Vague,D,31-60d,60,Pending,open,2026-06-15,2026-08-14,False,notion_source_call_log,381c5031-4bb6-8128-aac4-e6d863b59c40,https://app.notion.com/p/Farrell-6-15-Crypto-STRC-reserve-coverage-still-sub-threshold-381c50314bb68128aac4e6d863b59c40
Farrell,HYPE,Vague,D,31-60d,60,Pending,open,2026-06-15,2026-08-14,False,notion_source_call_log,381c5031-4bb6-8161-8baf-f0f08df709d0,https://app.notion.com/p/Farrell-6-15-Crypto-HYPE-reclaims-leadership-381c50314bb681618baff0f08df709d0
Farrell,BTC,Vague,D,31-60d,60,Pending,open,2026-06-15,2026-08-14,False,notion_source_call_log,381c5031-4bb6-81cd-b61b-d7d51611e4c6,https://app.notion.com/p/Farrell-6-15-Crypto-BTC-liquidity-backdrop-improves-into-FOMC-381c50314bb681cdb61bd7d51611e4c6
Newton,"WTI crude, RBOB, Energy sector, RYE",Target,B,31-60d,46,Pending,open,2026-06-15T21:40:00.000+00:00,2026-07-31,False,notion_source_call_log,381c5031-4bb6-8117-b40c-cfb72b253af0,https://app.notion.com/p/Newton-6-15-17-40-ET-WTI-breakdown-extends-toward-60-65-into-July-avoid-Energy-dips-381c50314bb68117b40ccfb72b253af0
Newton,"RYE, XLE, WTI crude",Directional,C,31-60d,46,Pending,open,2026-06-15T22:55:00.000+00:00,2026-07-31,False,notion_source_call_log,381c5031-4bb6-812a-a7b2-f5296fcc0476,https://app.notion.com/p/Newton-6-15-DTS-RYE-remains-technical-Underweight-bounces-are-for-reducing-not-adding-381c50314bb6812aa7b2f5296fcc0476
Newton,"SPX, QQQ",Vague,D,0-14d,4,Pending,open,2026-06-15T22:55:00.000+00:00,2026-06-19,False,notion_source_call_log,381c5031-4bb6-81ab-b43a-efb1717f3d55,https://app.notion.com/p/Newton-6-15-DTS-SPX-constructive-after-interim-deal-buy-dips-above-7430-concern-below-7396-381c50314bb681abb43aefb1717f3d55
Newton,"SOXX, SMH, NVDA, MU, AVGO",Directional,C,0-14d,11,Pending,open,2026-06-15T22:55:00.000+00:00,2026-06-26,False,notion_source_call_log,381c5031-4bb6-81f0-a319-c05104c38462,https://app.notion.com/p/Newton-6-15-DTS-SOXX-reasserts-strength-575-576-support-521-99-weekly-line-in-sand-381c50314bb681f0a319c05104c38462
Other,"BBY, ABT, ADUS, CVS",Directional,C,121d+,201,Pending,open,2026-06-13T21:25:00.000+00:00,2026-12-31,False,notion_source_call_log,380c5031-4bb6-8117-9a8b-e8aee4b6d2bd,https://app.notion.com/p/Other-6-13-SFN-Aging-at-home-tailwind-for-BBY-ABT-ADUS-CVS-380c50314bb681179a8be8aee4b6d2bd
Other,"COF, SYF, ECPG",Directional,C,121d+,201,Pending,open,2026-06-13T21:25:00.000+00:00,2026-12-31,False,notion_source_call_log,380c5031-4bb6-8173-9063-d362cf6cb75d,https://app.notion.com/p/Other-6-13-SFN-Credit-stress-backdrop-favors-COF-SYF-ECPG-380c50314bb681739063d362cf6cb75d
Other,"LTH, HIMS, MAR, HLT, H",Directional,C,121d+,201,Pending,open,2026-06-13T21:25:00.000+00:00,2026-12-31,False,notion_source_call_log,380c5031-4bb6-8190-b741-fa8d70ebc72d,https://app.notion.com/p/Other-6-13-SFN-Affluent-Gen-X-spend-supports-LTH-HIMS-MAR-HLT-H-380c50314bb68190b741fa8d70ebc72d
Other,"DASH, CART, AMZN, WMT, TGT",Directional,C,121d+,201,Pending,open,2026-06-13T21:25:00.000+00:00,2026-12-31,False,notion_source_call_log,380c5031-4bb6-8198-98df-ced66c74712e,https://app.notion.com/p/Other-6-13-SFN-Convenience-tailwind-for-DASH-CART-AMZN-WMT-TGT-380c50314bb6819898dfced66c74712e
Other,"HOOD, COIN, IBKR, ICE, CME",Directional,C,121d+,201,Pending,open,2026-06-13T21:25:00.000+00:00,2026-12-31,False,notion_source_call_log,380c5031-4bb6-81ea-b336-eaf81893d41e,https://app.notion.com/p/Other-6-13-SFN-Gen-X-tailwind-for-HOOD-COIN-IBKR-ICE-CME-380c50314bb681eab336eaf81893d41e
Newton,SPX,Vague,D,0-14d,6,Pending,open,2026-06-13T00:40:00.000+00:00,2026-06-19,False,notion_source_call_log,37ec5031-4bb6-8114-b261-f9091fd74262,https://app.notion.com/p/Newton-6-12-DTS-SPX-reclaimed-7430-pivot-next-week-support-7343-7370-37ec50314bb68114b261f9091fd74262
Farrell,"STRC, BTC",Vague,D,15-30d,17,Pending,open,2026-06-13T00:40:00.000+00:00,2026-06-30,False,notion_source_call_log,37ec5031-4bb6-8187-887d-c7ec37b4f10e,https://app.notion.com/p/Farrell-6-12-Crypto-STRC-unlikely-to-drive-meaningful-near-term-BTC-demand-37ec50314bb68187887dc7ec37b4f10e
Newton,"EWRE, WELL, SPG, IRM, EQIX, PSA, VTR, DLR, PLD, REG, HST",Directional,C,61-120d,119,Pending,open,2026-06-13T00:40:00.000+00:00,2026-10-10,False,notion_source_call_log,37ec5031-4bb6-81a3-854a-c6c0f8c74117,https://app.notion.com/p/Newton-6-12-DTS-EWRE-breakout-REITs-technical-Overweight-toward-42-37ec50314bb681a3854ac6c0f8c74117
Newton,USDJPY,Target,B,31-60d,48,Pending,open,2026-06-13T00:40:00.000+00:00,2026-07-31,False,notion_source_call_log,37ec5031-4bb6-81ad-b749-f14a2e00aa3a,https://app.notion.com/p/Newton-6-12-DTS-USDJPY-close-under-160-16-should-trigger-multi-month-decline-37ec50314bb681adb749f14a2e00aa3a
Farrell,"BTC, ETH",Vague,D,0-14d,6,Pending,open,2026-06-13T00:40:00.000+00:00,2026-06-19,False,notion_source_call_log,37ec5031-4bb6-81de-8589-ca3fd28174ba,https://app.notion.com/p/Farrell-6-12-Crypto-BTC-ETH-rangebound-patient-stance-as-demand-stays-weak-37ec50314bb681de8589ca3fd28174ba
unknown,,Unknown,,unknown,,,open,,,False,notion_source_call_log,37dc5031-4bb6-8180-bbc0-f3d34bee4919,https://app.notion.com/p/Tom-Block-6-12-12-33-ET-FOMC-Wednesday-under-new-Chair-Warsh-rates-expected-unchanged-37dc50314bb68180bbc0f3d34bee4919
unknown,,Unknown,,unknown,,,open,,,False,notion_source_call_log,37dc5031-4bb6-81b8-940e-ca542823f56a,https://app.notion.com/p/Newton-6-12-13-55-ET-Financials-Healthcare-favored-weeks-month-ahead-RYF-best-weekly-close-sinc-37dc50314bb681b8940eca542823f56a
unknown,,Unknown,,unknown,,,open,,,False,notion_source_call_log,37dc5031-4bb6-81c1-a749-c39e36175da1,https://app.notion.com/p/Newton-6-12-13-38-ET-OW-REITs-EWRE-new-ATHs-on-volume-rates-down-on-Iran-deal-catalyst-top-10-R-37dc50314bb681c1a749c39e36175da1
unknown,,Unknown,,unknown,,,open,,,False,notion_source_call_log,37dc5031-4bb6-81f5-aa35-c97f9999d7a6,https://app.notion.com/p/Newton-6-12-12-13-ET-Lows-likely-in-buy-dips-SPX-support-7360-resistance-7456-7475-37dc50314bb681f5aa35c97f9999d7a6
Lee,"XLE, XLB",Vague,D,15-30d,30,Pending,open,2026-06-12,2026-07-12,False,notion_source_call_log,37dc5031-4bb6-8119-8c26-e79f6bcbb194,https://app.notion.com/p/Tom-Lee-keeps-favoring-Energy-and-Basic-Materials-in-the-current-rising-phase-37dc50314bb681198c26e79f6bcbb194
Lee,"XLF, KRE",Vague,D,15-30d,30,Pending,open,2026-06-12,2026-07-12,False,notion_source_call_log,37dc5031-4bb6-811b-b9f1-d571b307e3cf,https://app.notion.com/p/Tom-Lee-keeps-favoring-Financials-including-large-cap-and-regional-banks-37dc50314bb6811bb9f1d571b307e3cf
Newton,QQQ,Target,B,0-14d,14,Pending,open,2026-06-10,2026-06-24,False,notion_source_call_log,37dc5031-4bb6-8147-9cbe-d7a6684b036a,https://app.notion.com/p/QQQ-vulnerable-to-675-next-week-664-681-key-support-37dc50314bb681479cbed7a6684b036a
Newton,EWY,Target,B,0-14d,14,Pending,open,2026-06-10,2026-06-24,False,notion_source_call_log,37dc5031-4bb6-815c-a8d9-f16dc495b9c7,https://app.notion.com/p/EWY-vulnerable-into-next-week-toward-167-151-154-if-pressure-worsens-37dc50314bb6815ca8d9f16dc495b9c7
Lee,XLI,Vague,D,15-30d,30,Pending,open,2026-06-12,2026-07-12,False,notion_source_call_log,37dc5031-4bb6-8162-85e7-ce1a05ea4ac6,https://app.notion.com/p/Tom-Lee-keeps-favoring-Industrials-especially-bullet-makers-37dc50314bb6816285e7ce1a05ea4ac6
Newton,"QQQ, SPX",Target,B,0-14d,14,Pending,open,2026-06-11,2026-06-25,False,notion_source_call_log,37dc5031-4bb6-8175-9881-ec96f6b5681e,https://app.notion.com/p/QQQ-717-50-and-SPX-7430-must-confirm-before-chasing-tech-37dc50314bb681759881ec96f6b5681e
Newton,CL,Target,B,15-30d,30,Pending,open,2026-06-11,2026-07-11,False,notion_source_call_log,37dc5031-4bb6-818e-9802-ffdcadc88821,https://app.notion.com/p/WTI-break-below-85-95-can-target-60-into-September-37dc50314bb6818e9802ffdcadc88821
Lee,"MAGS, IBIT, ETHA",Vague,D,15-30d,30,Pending,open,2026-06-12,2026-07-12,False,notion_source_call_log,37dc5031-4bb6-81a7-be99-f80ba6d13849,https://app.notion.com/p/Tom-Lee-keeps-favoring-MAG7-plus-Bitcoin-and-Ethereum-in-the-current-rising-phase-37dc50314bb681a7be99f80ba6d13849
Lee,IWM,Vague,D,15-30d,30,Pending,open,2026-06-12,2026-07-12,False,notion_source_call_log,37dc5031-4bb6-81b6-898e-f2cc497a7946,https://app.notion.com/p/Tom-Lee-keeps-favoring-Small-caps-in-the-current-rising-phase-37dc50314bb681b6898ef2cc497a7946
Newton,XHS,Vague,D,31-60d,60,Pending,open,2026-06-10,2026-08-09,False,notion_source_call_log,37dc5031-4bb6-81ba-befb-f82e5b14ad69,https://app.notion.com/p/XHS-favored-long-buy-dips-116-118-upside-132-over-time-37dc50314bb681babefbf82e5b14ad69
Newton,SPX (market-level),Directional,C,15-30d,15,Pending,open,2026-06-11T11:27:00.000+00:00,2026-06-26,False,notion_source_call_log,37cc5031-4bb6-817a-b8f8-debf64d3a7fc,https://app.notion.com/p/Newton-6-11-11-27a-AAII-bears-47-7-spread-17-7-pessimism-elevated-selloff-likely-short-lived-37cc50314bb6817ab8f8debf64d3a7fc
Newton,"SPX, QQQ, WTI crude, Energy sector (XLE)",Target,B,0-14d,8,Pending,open,2026-06-11T15:06:00.000+00:00,2026-06-19,False,notion_source_call_log,37cc5031-4bb6-81b5-bcff-facb889d98c0,https://app.notion.com/p/Newton-6-11-3-06p-strikes-canceled-reversal-equity-downtrend-break-imminent-into-next-week-po-37cc50314bb681b5bcfffacb889d98c0
Newton,"QQQ, SPX",Vague,D,0-14d,7,Pending,open,2026-06-10,2026-06-17,False,notion_source_call_log,37cc5031-4bb6-8130-ba44-c6a5db651e31,https://app.notion.com/p/QQQ-2-drop-accelerates-Growth-Value-rotation-lower-into-next-week-broader-uptrend-intact-37cc50314bb68130ba44c6a5db651e31
Newton,CL (crude/WTI),Specific,A,15-30d,30,Pending,open,2026-06-10,2026-07-10,False,notion_source_call_log,37cc5031-4bb6-818e-916f-f6a87edcfc43,https://app.notion.com/p/Crude-bounce-91-50-resistance-92-85-93-50-support-85-95-else-79-near-term-bounces-short-li-37cc50314bb6818e916ff6a87edcfc43
Lee,"SPX, SPY",Directional,C,121d+,203,Pending,open,2026-06-11,2026-12-31,False,notion_source_call_log,37cc5031-4bb6-8117-b960-e55949caec48,https://app.notion.com/p/Three-phase-2026-reaffirmed-summer-drawdown-then-SPX-7-700-by-year-end-strategic-ratings-unchange-37cc50314bb68117b960e55949caec48
Newton,"CIBR, IHF, ARKG, IYT, DRIV",Target,B,15-30d,27,Pending,open,2026-06-11,2026-07-08,False,notion_source_call_log,37cc5031-4bb6-812a-97e4-e32fe63b753a,https://app.notion.com/p/June-tactical-ETF-basket-CIBR-IHF-ARKG-IYT-new-DRIV-carry-replaces-PBW-LIT-RPG-SNSR-37cc50314bb6812a97e4e32fe63b753a
Newton,"XLV, RSPH, XHS, IHF, ARKG",Directional,C,61-120d,111,Pending,open,2026-06-11,2026-09-30,False,notion_source_call_log,37cc5031-4bb6-8149-8f74-c2107fe71b63,https://app.notion.com/p/Health-Care-strategic-upgrade-Neutral-OW-relative-strength-to-last-into-the-fall-37cc50314bb681498f74c2107fe71b63
Newton,"XLK, RSPT",Directional,C,121d+,145,Pending,open,2026-06-11,2026-11-03,False,notion_source_call_log,37cc5031-4bb6-8151-a41a-fa439bdb7875,https://app.notion.com/p/Tech-strategic-downgrade-OW-Neutral-expects-Tech-to-lag-until-Nov-midterms-reversal-of-May-upgrad-37cc50314bb68151a41afa439bdb7875
Newton,"CL (WTI), USO, XLE",Directional,C,61-120d,120,Pending,open,2026-06-11,2026-10-09,False,notion_source_call_log,37cc5031-4bb6-8175-b43c-d499b7a948a0,https://app.notion.com/p/Crude-to-flush-lower-on-concrete-ceasefire-Strait-reopening-overrides-bullish-Energy-quant-37cc50314bb68175b43cd499b7a948a0
Newton,"XLI, IYT",Directional,C,61-120d,111,Pending,open,2026-06-11,2026-09-30,False,notion_source_call_log,37cc5031-4bb6-8192-b1c3-d2a0b3d60721,https://app.notion.com/p/Industrials-downgrade-OW-Neutral-pecking-order-demotion-explicitly-NOT-bearish-37cc50314bb68192b1c3d2a0b3d60721
Newton,"PBW, LIT, DRIV, RPG, SNSR",Target,B,31-60d,34,Loss,miss,2026-05-07,2026-06-10,True,notion_source_call_log,37cc5031-4bb6-8195-bdf3-c1c567786e47,https://app.notion.com/p/OUTCOME-backfill-May-tactical-ETF-basket-PBW-LIT-DRIV-RPG-SNSR-5-0-abs-3-7-rel-SPX-Loss-37cc50314bb68195bdf3c1c567786e47
Newton,"XLV, XLRE, XLU, XLE, XLY, XLP",Target,B,15-30d,27,Pending,open,2026-06-11,2026-07-08,False,notion_source_call_log,37cc5031-4bb6-81ef-a664-cab254cefb33,https://app.notion.com/p/June-tactical-3-3-OW-Health-Care-Real-Estate-Utilities-2-UW-Energy-Discretionary-Staples-2-37cc50314bb681efa664cab254cefb33
Newton,"CL, WTI, USO",Target,B,15-30d,30,Pending,open,2026-05-26,2026-06-25,False,notion_source_call_log,36ec5031-4bb6-8106-ab42-e0a96dd9e8b3,https://app.notion.com/p/WTI-crude-breakdown-downside-acceleration-to-60-36ec50314bb68106ab42e0a96dd9e8b3
Newton,"RSP, DJIA, SPX",Directional,C,61-120d,120,Pending,open,2026-05-26,2026-09-23,False,notion_source_call_log,36ec5031-4bb6-8167-8d2d-c9d078ba06b2,https://app.notion.com/p/RSP-DJIA-breakout-to-new-ATHs-confirms-broadening-defers-cyclical-concern-36ec50314bb681678d2dc9d078ba06b2
Newton,PEJ,Directional,C,61-120d,120,Pending,open,2026-05-27,2026-09-24,False,notion_source_call_log,36ec5031-4bb6-819d-a2b2-db7c101389b0,https://app.notion.com/p/PEJ-favored-for-push-back-to-record-highs-as-crude-weakens-36ec50314bb6819da2b2db7c101389b0
Newton,JETS,Target,B,15-30d,30,Pending,open,2026-05-27,2026-06-26,False,notion_source_call_log,36ec5031-4bb6-81b9-94ff-db74bcf8eb2e,https://app.notion.com/p/JETS-positioned-to-test-2018-peak-resistance-34-in-weeks-ahead-36ec50314bb681b994ffdb74bcf8eb2e
Lee,PKG,Directional,C,15-30d,30,Pending,open,2026-05-28,2026-06-27,False,notion_source_call_log,36ec5031-4bb6-8105-87d1-d2eef2b84392,https://app.notion.com/p/Fundstrat-Bottom-5-LC-UW-PKG-5-28-26-36ec50314bb6810587d1d2eef2b84392
Lee,IESC,Directional,C,15-30d,30,Pending,open,2026-05-28,2026-06-27,False,notion_source_call_log,36ec5031-4bb6-8116-b751-c9838a812d5a,https://app.notion.com/p/Fundstrat-Top-5-SMID-long-IESC-5-28-26-36ec50314bb68116b751c9838a812d5a
Lee,HOOD,Directional,C,15-30d,30,Pending,open,2026-05-28,2026-06-27,False,notion_source_call_log,36ec5031-4bb6-8118-bc73-f2f61b6be902,https://app.notion.com/p/Fundstrat-Bottom-5-LC-UW-HOOD-5-28-26-36ec50314bb68118bc73f2f61b6be902
Lee,FIX,Directional,C,15-30d,30,Pending,open,2026-05-28,2026-06-27,False,notion_source_call_log,36ec5031-4bb6-8119-bacf-cc39e69d0545,https://app.notion.com/p/Fundstrat-Top-5-SMID-long-FIX-5-28-26-36ec50314bb68119bacfcc39e69d0545
Lee,ANET,Directional,C,15-30d,30,Pending,open,2026-05-28,2026-06-27,False,notion_source_call_log,36ec5031-4bb6-811a-9097-e98bf48c8adb,https://app.notion.com/p/Fundstrat-Top-5-LC-long-ANET-5-28-26-36ec50314bb6811a9097e98bf48c8adb
Lee,SOFI,Directional,C,15-30d,30,Pending,open,2026-05-28,2026-06-27,False,notion_source_call_log,36ec5031-4bb6-811e-b8cb-f90796ef5346,https://app.notion.com/p/Fundstrat-Bottom-5-SMID-UW-SOFI-5-28-26-36ec50314bb6811eb8cbf90796ef5346
Lee,SATS,Directional,C,15-30d,30,Pending,open,2026-05-28,2026-06-27,False,notion_source_call_log,36ec5031-4bb6-8122-ae6b-c8250f57053c,https://app.notion.com/p/Fundstrat-Bottom-5-LC-UW-SATS-5-28-26-36ec50314bb68122ae6bc8250f57053c
Lee,UUUU,Directional,C,15-30d,30,Pending,open,2026-05-28,2026-06-27,False,notion_source_call_log,36ec5031-4bb6-8123-98ca-c81d10c36a84,https://app.notion.com/p/Fundstrat-Bottom-5-SMID-UW-UUUU-5-28-26-HELD-36ec50314bb6812398cac81d10c36a84
Lee,AMD,Directional,C,15-30d,30,Pending,open,2026-05-28,2026-06-27,False,notion_source_call_log,36ec5031-4bb6-813b-b904-dca4dace9c16,https://app.notion.com/p/Fundstrat-Top-5-LC-long-AMD-5-28-26-36ec50314bb6813bb904dca4dace9c16
Lee,FN,Directional,C,15-30d,30,Pending,open,2026-05-28,2026-06-27,False,notion_source_call_log,36ec5031-4bb6-813d-af15-e5a0ae123efd,https://app.notion.com/p/Fundstrat-Top-5-SMID-long-FN-5-28-26-36ec50314bb6813daf15e5a0ae123efd
Lee,KTOS,Directional,C,15-30d,30,Pending,open,2026-05-28,2026-06-27,False,notion_source_call_log,36ec5031-4bb6-8140-8a49-db1bc387ef09,https://app.notion.com/p/Fundstrat-Bottom-5-SMID-UW-KTOS-5-28-26-36ec50314bb681408a49db1bc387ef09
Lee,TPL,Directional,C,15-30d,30,Pending,open,2026-05-28,2026-06-27,False,notion_source_call_log,36ec5031-4bb6-815d-a76c-e6d1533b436f,https://app.notion.com/p/Fundstrat-Bottom-5-LC-UW-TPL-5-28-26-36ec50314bb6815da76ce6d1533b436f
Lee,PWR,Directional,C,15-30d,30,Pending,open,2026-05-28,2026-06-27,False,notion_source_call_log,36ec5031-4bb6-8166-81da-c66e03212abd,https://app.notion.com/p/Fundstrat-Top-5-LC-long-PWR-5-28-26-36ec50314bb6816681dac66e03212abd
Lee,CRS,Directional,C,15-30d,30,Pending,open,2026-05-28,2026-06-27,False,notion_source_call_log,36ec5031-4bb6-816d-a212-df4b982f8c98,https://app.notion.com/p/Fundstrat-Top-5-SMID-long-CRS-5-28-26-36ec50314bb6816da212df4b982f8c98
Lee,ELF,Directional,C,15-30d,30,Pending,open,2026-05-28,2026-06-27,False,notion_source_call_log,36ec5031-4bb6-816e-883a-e850c6146a03,https://app.notion.com/p/Fundstrat-Bottom-5-SMID-UW-ELF-5-28-26-36ec50314bb6816e883ae850c6146a03
Lee,DE,Directional,C,15-30d,30,Pending,open,2026-05-28,2026-06-27,False,notion_source_call_log,36ec5031-4bb6-8173-b7f3-f57f7a2e4db8,https://app.notion.com/p/Fundstrat-Bottom-5-LC-UW-DE-5-28-26-36ec50314bb68173b7f3f57f7a2e4db8
Lee,SATS,Directional,C,15-30d,30,Pending,open,2026-05-28,2026-06-27,False,notion_source_call_log,36ec5031-4bb6-819b-a4df-dda9ded9b2f3,https://app.notion.com/p/Fundstrat-Bottom-5-SMID-UW-SATS-5-28-26-36ec50314bb6819ba4dfdda9ded9b2f3
Lee,STRL,Directional,C,15-30d,30,Pending,open,2026-05-28,2026-06-27,False,notion_source_call_log,36ec5031-4bb6-81bb-9992-d87b88d47a42,https://app.notion.com/p/Fundstrat-Top-5-SMID-long-STRL-5-28-26-36ec50314bb681bb9992d87b88d47a42
Lee,GS,Directional,C,15-30d,30,Pending,open,2026-05-28,2026-06-27,False,notion_source_call_log,36ec5031-4bb6-81ec-8391-c51fbb15da73,https://app.notion.com/p/Fundstrat-Top-5-LC-long-GS-5-28-26-36ec50314bb681ec8391c51fbb15da73
Lee,GOOGL,Directional,C,15-30d,30,Pending,open,2026-05-28,2026-06-27,False,notion_source_call_log,36ec5031-4bb6-81f9-8e8d-c179a0b62677,https://app.notion.com/p/Fundstrat-Top-5-LC-long-GOOGL-5-28-26-36ec50314bb681f98e8dc179a0b62677
Farrell,HYPE,Vague,D,unknown,,Unscored,open,2026-05-14,,True,notion_source_call_log,36dc5031-4bb6-8125-8263-fb09e9c5e8ce,https://app.notion.com/p/AQAv2-HYPE-gains-stablecoin-reserve-economics-USDC-Coinbase-Circle-36dc50314bb681258263fb09e9c5e8ce
Farrell,HYPE,Vague,D,unknown,,Unscored,open,2026-05-08,,True,notion_source_call_log,36dc5031-4bb6-814b-bb4a-cc2ffa52248c,https://app.notion.com/p/Medici-conference-buyside-altcoin-interest-concentrated-in-BTC-vol-miners-HYPE-36dc50314bb6814bbb4acc2ffa52248c
Farrell,HYPE,Directional,C,unknown,,Unscored,open,2026-05-15,,True,notion_source_call_log,36dc5031-4bb6-815f-bf00-d0e9a63c6721,https://app.notion.com/p/HYPE-regulatory-scrutiny-CME-ICE-appropriately-compensated-in-risk-reward-36dc50314bb6815fbf00d0e9a63c6721
Farrell,HYPE,Vague,D,unknown,,Unscored,open,2026-05-19,,True,notion_source_call_log,36dc5031-4bb6-8179-837b-e52bef00d363,https://app.notion.com/p/Hyperliquid-reflexive-dynamics-HYPE-ecosystem-Strategies-DAT-flywheel-36dc50314bb68179837be52bef00d363
Farrell,HYPE,Vague,D,unknown,,Unscored,open,2026-05-18,,True,notion_source_call_log,36dc5031-4bb6-8185-898f-ece6736b3b41,https://app.notion.com/p/HYPE-BTC-at-all-time-high-materially-outperforming-in-crypto-bear-market-36dc50314bb68185898fece6736b3b41
Farrell,HYPE,Vague,D,unknown,,Unscored,open,2026-04-29,,True,notion_source_call_log,36dc5031-4bb6-81dd-82b5-cbf3b0fd807e,https://app.notion.com/p/HYPE-BTC-outperformance-tracks-commodity-volatility-flagged-as-leading-indicator-36dc50314bb681dd82b5cbf3b0fd807e
Newton,"SPX, SPY",Target,B,15-30d,30,Loss,miss,2026-05-19,2026-06-18,False,notion_source_call_log,365c5031-4bb6-814f-9858-ddade8f0b745,https://app.notion.com/p/SPX-support-test-7175-7245-by-end-of-week-early-next-week-365c50314bb6814f9858ddade8f0b745
Newton,"GDX, XLI, XLB, MP, UUUU, LEU (sector implication)",Target,B,15-30d,30,Pending,open,2026-05-19,2026-06-18,False,notion_source_call_log,365c5031-4bb6-817a-b7aa-ce1a1ee27ce4,https://app.notion.com/p/Mining-Materials-Industrials-underperform-near-term-365c50314bb6817ab7aace1a1ee27ce4
Newton,"SPX, SPY (broad market)",Directional,C,61-120d,120,Pending,open,2026-05-15,2026-09-12,False,notion_source_call_log,365c5031-4bb6-819a-a0c3-fb45233845f9,https://app.notion.com/p/Rebound-to-mid-July-August-365c50314bb6819aa0c3fb45233845f9
Newton,"SPX, QQQ, SPY",Target,B,15-30d,30,Loss,miss,2026-05-15,2026-06-14,False,notion_source_call_log,365c5031-4bb6-81aa-bfdb-d819aa52fb46,https://app.notion.com/p/SPX-7375-QQQ-707-64-3-5-pullback-into-late-May-365c50314bb681aabfdbd819aa52fb46
Newton,"EWY, SMH, SOXX, NVDA, MU, AVGO",Directional,C,61-120d,120,Pending,open,2026-05-15,2026-09-12,False,notion_source_call_log,365c5031-4bb6-81dc-b3ff-d1788ff1828c,https://app.notion.com/p/EWY-rebalance-ripple-to-US-semis-365c50314bb681dcb3ffd1788ff1828c
Newton,"30Y UST yield, TLT, IEF",Target,B,15-30d,30,Pending,open,2026-05-15,2026-06-14,False,notion_source_call_log,365c5031-4bb6-81f3-b312-cac324915915,https://app.notion.com/p/30Y-weekly-close-5-15-triangle-breakout-confirm-365c50314bb681f3b312cac324915915
